{
  "urls": [
    "./audio/output.ogg",
    "./audio/output.m4a",
    "./audio/output.mp3",
    "./audio/output.ac3"
  ],
  "sprite": {
    "break1": [
      0,
      110.74829931972789
    ],
    "break2": [
      2000,
      103.60544217687062
    ],
    "break3": [
      4000,
      106.66666666666646
    ],
    "break4": [
      6000,
      1743.5147392290248
    ],
    "fix1": [
      9000,
      97.70975056689402
    ],
    "fix2": [
      11000,
      106.66666666666735
    ],
    "fix3": [
      13000,
      103.60544217687107
    ],
    "fix4": [
      15000,
      110.7482993197273
    ],
    "leakingWater": [
      17000,
      1500
    ]
  }
}